"Column Name","Label"
"GEO_ID","Geography"
"NAME","Geographic Area Name"
"S1701_C01_001E","Total!!Estimate!!Population for whom poverty status is determined"
"S1701_C01_001M","Total!!Margin of Error!!Population for whom poverty status is determined"
"S1701_C01_001MA","Annotation of Total!!Margin of Error!!Population for whom poverty status is determined"
"S1701_C01_001EA","Annotation of Total!!Estimate!!Population for whom poverty status is determined"
"S1701_C02_001E","Below poverty level!!Estimate!!Population for whom poverty status is determined"
"S1701_C02_001M","Below poverty level!!Margin of Error!!Population for whom poverty status is determined"
"S1701_C02_001MA","Annotation of Below poverty level!!Margin of Error!!Population for whom poverty status is determined"
"S1701_C02_001EA","Annotation of Below poverty level!!Estimate!!Population for whom poverty status is determined"
"S1701_C03_001E","Percent below poverty level!!Estimate!!Population for whom poverty status is determined"
"S1701_C03_001M","Percent below poverty level!!Margin of Error!!Population for whom poverty status is determined"
"S1701_C03_001MA","Annotation of Percent below poverty level!!Margin of Error!!Population for whom poverty status is determined"
"S1701_C03_001EA","Annotation of Percent below poverty level!!Estimate!!Population for whom poverty status is determined"
"S1701_C01_002E","Total!!Estimate!!AGE!!Under 18 years"
"S1701_C01_002M","Total!!Margin of Error!!AGE!!Under 18 years"
"S1701_C01_002MA","Annotation of Total!!Margin of Error!!AGE!!Under 18 years"
"S1701_C01_002EA","Annotation of Total!!Estimate!!AGE!!Under 18 years"
"S1701_C02_002E","Below poverty level!!Estimate!!AGE!!Under 18 years"
"S1701_C02_002EA","Annotation of Below poverty level!!Estimate!!AGE!!Under 18 years"
"S1701_C02_002M","Below poverty level!!Margin of Error!!AGE!!Under 18 years"
"S1701_C02_002MA","Annotation of Below poverty level!!Margin of Error!!AGE!!Under 18 years"
"S1701_C03_002E","Percent below poverty level!!Estimate!!AGE!!Under 18 years"
"S1701_C03_002EA","Annotation of Percent below poverty level!!Estimate!!AGE!!Under 18 years"
"S1701_C03_002M","Percent below poverty level!!Margin of Error!!AGE!!Under 18 years"
"S1701_C03_002MA","Annotation of Percent below poverty level!!Margin of Error!!AGE!!Under 18 years"
"S1701_C01_003E","Total!!Estimate!!AGE!!Under 18 years!!Related children under 18 years"
"S1701_C01_003M","Total!!Margin of Error!!AGE!!Under 18 years!!Related children under 18 years"
"S1701_C01_003MA","Annotation of Total!!Margin of Error!!AGE!!Under 18 years!!Related children under 18 years"
"S1701_C01_003EA","Annotation of Total!!Estimate!!AGE!!Under 18 years!!Related children under 18 years"
"S1701_C02_003E","Below poverty level!!Estimate!!AGE!!Under 18 years!!Related children under 18 years"
"S1701_C02_003M","Below poverty level!!Margin of Error!!AGE!!Under 18 years!!Related children under 18 years"
"S1701_C02_003MA","Annotation of Below poverty level!!Margin of Error!!AGE!!Under 18 years!!Related children under 18 years"
"S1701_C02_003EA","Annotation of Below poverty level!!Estimate!!AGE!!Under 18 years!!Related children under 18 years"
"S1701_C03_003E","Percent below poverty level!!Estimate!!AGE!!Under 18 years!!Related children under 18 years"
"S1701_C03_003EA","Annotation of Percent below poverty level!!Estimate!!AGE!!Under 18 years!!Related children under 18 years"
"S1701_C03_003M","Percent below poverty level!!Margin of Error!!AGE!!Under 18 years!!Related children under 18 years"
"S1701_C03_003MA","Annotation of Percent below poverty level!!Margin of Error!!AGE!!Under 18 years!!Related children under 18 years"
"S1701_C01_004E","Total!!Estimate!!AGE!!18 to 64 years"
"S1701_C01_004M","Total!!Margin of Error!!AGE!!18 to 64 years"
"S1701_C01_004MA","Annotation of Total!!Margin of Error!!AGE!!18 to 64 years"
"S1701_C01_004EA","Annotation of Total!!Estimate!!AGE!!18 to 64 years"
"S1701_C02_004E","Below poverty level!!Estimate!!AGE!!18 to 64 years"
"S1701_C02_004EA","Annotation of Below poverty level!!Estimate!!AGE!!18 to 64 years"
"S1701_C02_004M","Below poverty level!!Margin of Error!!AGE!!18 to 64 years"
"S1701_C02_004MA","Annotation of Below poverty level!!Margin of Error!!AGE!!18 to 64 years"
"S1701_C03_004E","Percent below poverty level!!Estimate!!AGE!!18 to 64 years"
"S1701_C03_004EA","Annotation of Percent below poverty level!!Estimate!!AGE!!18 to 64 years"
"S1701_C03_004M","Percent below poverty level!!Margin of Error!!AGE!!18 to 64 years"
"S1701_C03_004MA","Annotation of Percent below poverty level!!Margin of Error!!AGE!!18 to 64 years"
"S1701_C01_005E","Total!!Estimate!!AGE!!65 years and over"
"S1701_C01_005M","Total!!Margin of Error!!AGE!!65 years and over"
"S1701_C01_005MA","Annotation of Total!!Margin of Error!!AGE!!65 years and over"
"S1701_C01_005EA","Annotation of Total!!Estimate!!AGE!!65 years and over"
"S1701_C02_005E","Below poverty level!!Estimate!!AGE!!65 years and over"
"S1701_C02_005EA","Annotation of Below poverty level!!Estimate!!AGE!!65 years and over"
"S1701_C02_005M","Below poverty level!!Margin of Error!!AGE!!65 years and over"
"S1701_C02_005MA","Annotation of Below poverty level!!Margin of Error!!AGE!!65 years and over"
"S1701_C03_005E","Percent below poverty level!!Estimate!!AGE!!65 years and over"
"S1701_C03_005EA","Annotation of Percent below poverty level!!Estimate!!AGE!!65 years and over"
"S1701_C03_005M","Percent below poverty level!!Margin of Error!!AGE!!65 years and over"
"S1701_C03_005MA","Annotation of Percent below poverty level!!Margin of Error!!AGE!!65 years and over"
"S1701_C01_006E","Total!!Estimate!!SEX!!Male"
"S1701_C01_006EA","Annotation of Total!!Estimate!!SEX!!Male"
"S1701_C01_006M","Total!!Margin of Error!!SEX!!Male"
"S1701_C01_006MA","Annotation of Total!!Margin of Error!!SEX!!Male"
"S1701_C02_006E","Below poverty level!!Estimate!!SEX!!Male"
"S1701_C02_006EA","Annotation of Below poverty level!!Estimate!!SEX!!Male"
"S1701_C02_006M","Below poverty level!!Margin of Error!!SEX!!Male"
"S1701_C02_006MA","Annotation of Below poverty level!!Margin of Error!!SEX!!Male"
"S1701_C03_006E","Percent below poverty level!!Estimate!!SEX!!Male"
"S1701_C03_006M","Percent below poverty level!!Margin of Error!!SEX!!Male"
"S1701_C03_006MA","Annotation of Percent below poverty level!!Margin of Error!!SEX!!Male"
"S1701_C03_006EA","Annotation of Percent below poverty level!!Estimate!!SEX!!Male"
"S1701_C01_007E","Total!!Estimate!!SEX!!Female"
"S1701_C01_007EA","Annotation of Total!!Estimate!!SEX!!Female"
"S1701_C01_007M","Total!!Margin of Error!!SEX!!Female"
"S1701_C01_007MA","Annotation of Total!!Margin of Error!!SEX!!Female"
"S1701_C02_007E","Below poverty level!!Estimate!!SEX!!Female"
"S1701_C02_007M","Below poverty level!!Margin of Error!!SEX!!Female"
"S1701_C02_007MA","Annotation of Below poverty level!!Margin of Error!!SEX!!Female"
"S1701_C02_007EA","Annotation of Below poverty level!!Estimate!!SEX!!Female"
"S1701_C03_007E","Percent below poverty level!!Estimate!!SEX!!Female"
"S1701_C03_007M","Percent below poverty level!!Margin of Error!!SEX!!Female"
"S1701_C03_007MA","Annotation of Percent below poverty level!!Margin of Error!!SEX!!Female"
"S1701_C03_007EA","Annotation of Percent below poverty level!!Estimate!!SEX!!Female"
"S1701_C01_008E","Total!!Estimate!!RACE AND HISPANIC OR LATINO ORIGIN!!One race"
"S1701_C01_008M","Total!!Margin of Error!!RACE AND HISPANIC OR LATINO ORIGIN!!One race"
"S1701_C01_008MA","Annotation of Total!!Margin of Error!!RACE AND HISPANIC OR LATINO ORIGIN!!One race"
"S1701_C01_008EA","Annotation of Total!!Estimate!!RACE AND HISPANIC OR LATINO ORIGIN!!One race"
"S1701_C02_008E","Below poverty level!!Estimate!!RACE AND HISPANIC OR LATINO ORIGIN!!One race"
"S1701_C02_008M","Below poverty level!!Margin of Error!!RACE AND HISPANIC OR LATINO ORIGIN!!One race"
"S1701_C02_008MA","Annotation of Below poverty level!!Margin of Error!!RACE AND HISPANIC OR LATINO ORIGIN!!One race"
"S1701_C02_008EA","Annotation of Below poverty level!!Estimate!!RACE AND HISPANIC OR LATINO ORIGIN!!One race"
"S1701_C03_008E","Percent below poverty level!!Estimate!!RACE AND HISPANIC OR LATINO ORIGIN!!One race"
"S1701_C03_008M","Percent below poverty level!!Margin of Error!!RACE AND HISPANIC OR LATINO ORIGIN!!One race"
"S1701_C03_008MA","Annotation of Percent below poverty level!!Margin of Error!!RACE AND HISPANIC OR LATINO ORIGIN!!One race"
"S1701_C03_008EA","Annotation of Percent below poverty level!!Estimate!!RACE AND HISPANIC OR LATINO ORIGIN!!One race"
"S1701_C01_009E","Total!!Estimate!!RACE AND HISPANIC OR LATINO ORIGIN!!One race!!White"
"S1701_C01_009M","Total!!Margin of Error!!RACE AND HISPANIC OR LATINO ORIGIN!!One race!!White"
"S1701_C01_009MA","Annotation of Total!!Margin of Error!!RACE AND HISPANIC OR LATINO ORIGIN!!One race!!White"
"S1701_C01_009EA","Annotation of Total!!Estimate!!RACE AND HISPANIC OR LATINO ORIGIN!!One race!!White"
"S1701_C02_009E","Below poverty level!!Estimate!!RACE AND HISPANIC OR LATINO ORIGIN!!One race!!White"
"S1701_C02_009EA","Annotation of Below poverty level!!Estimate!!RACE AND HISPANIC OR LATINO ORIGIN!!One race!!White"
"S1701_C02_009M","Below poverty level!!Margin of Error!!RACE AND HISPANIC OR LATINO ORIGIN!!One race!!White"
"S1701_C02_009MA","Annotation of Below poverty level!!Margin of Error!!RACE AND HISPANIC OR LATINO ORIGIN!!One race!!White"
"S1701_C03_009E","Percent below poverty level!!Estimate!!RACE AND HISPANIC OR LATINO ORIGIN!!One race!!White"
"S1701_C03_009M","Percent below poverty level!!Margin of Error!!RACE AND HISPANIC OR LATINO ORIGIN!!One race!!White"
"S1701_C03_009MA","Annotation of Percent below poverty level!!Margin of Error!!RACE AND HISPANIC OR LATINO ORIGIN!!One race!!White"
"S1701_C03_009EA","Annotation of Percent below poverty level!!Estimate!!RACE AND HISPANIC OR LATINO ORIGIN!!One race!!White"
"S1701_C01_010E","Total!!Estimate!!RACE AND HISPANIC OR LATINO ORIGIN!!One race!!Black or African American"
"S1701_C01_010M","Total!!Margin of Error!!RACE AND HISPANIC OR LATINO ORIGIN!!One race!!Black or African American"
"S1701_C01_010MA","Annotation of Total!!Margin of Error!!RACE AND HISPANIC OR LATINO ORIGIN!!One race!!Black or African American"
"S1701_C01_010EA","Annotation of Total!!Estimate!!RACE AND HISPANIC OR LATINO ORIGIN!!One race!!Black or African American"
"S1701_C02_010E","Below poverty level!!Estimate!!RACE AND HISPANIC OR LATINO ORIGIN!!One race!!Black or African American"
"S1701_C02_010EA","Annotation of Below poverty level!!Estimate!!RACE AND HISPANIC OR LATINO ORIGIN!!One race!!Black or African American"
"S1701_C02_010M","Below poverty level!!Margin of Error!!RACE AND HISPANIC OR LATINO ORIGIN!!One race!!Black or African American"
"S1701_C02_010MA","Annotation of Below poverty level!!Margin of Error!!RACE AND HISPANIC OR LATINO ORIGIN!!One race!!Black or African American"
"S1701_C03_010E","Percent below poverty level!!Estimate!!RACE AND HISPANIC OR LATINO ORIGIN!!One race!!Black or African American"
"S1701_C03_010M","Percent below poverty level!!Margin of Error!!RACE AND HISPANIC OR LATINO ORIGIN!!One race!!Black or African American"
"S1701_C03_010MA","Annotation of Percent below poverty level!!Margin of Error!!RACE AND HISPANIC OR LATINO ORIGIN!!One race!!Black or African American"
"S1701_C03_010EA","Annotation of Percent below poverty level!!Estimate!!RACE AND HISPANIC OR LATINO ORIGIN!!One race!!Black or African American"
"S1701_C01_011E","Total!!Estimate!!RACE AND HISPANIC OR LATINO ORIGIN!!One race!!American Indian and Alaska Native"
"S1701_C01_011EA","Annotation of Total!!Estimate!!RACE AND HISPANIC OR LATINO ORIGIN!!One race!!American Indian and Alaska Native"
"S1701_C01_011M","Total!!Margin of Error!!RACE AND HISPANIC OR LATINO ORIGIN!!One race!!American Indian and Alaska Native"
"S1701_C01_011MA","Annotation of Total!!Margin of Error!!RACE AND HISPANIC OR LATINO ORIGIN!!One race!!American Indian and Alaska Native"
"S1701_C02_011E","Below poverty level!!Estimate!!RACE AND HISPANIC OR LATINO ORIGIN!!One race!!American Indian and Alaska Native"
"S1701_C02_011M","Below poverty level!!Margin of Error!!RACE AND HISPANIC OR LATINO ORIGIN!!One race!!American Indian and Alaska Native"
"S1701_C02_011MA","Annotation of Below poverty level!!Margin of Error!!RACE AND HISPANIC OR LATINO ORIGIN!!One race!!American Indian and Alaska Native"
"S1701_C02_011EA","Annotation of Below poverty level!!Estimate!!RACE AND HISPANIC OR LATINO ORIGIN!!One race!!American Indian and Alaska Native"
"S1701_C03_011E","Percent below poverty level!!Estimate!!RACE AND HISPANIC OR LATINO ORIGIN!!One race!!American Indian and Alaska Native"
"S1701_C03_011M","Percent below poverty level!!Margin of Error!!RACE AND HISPANIC OR LATINO ORIGIN!!One race!!American Indian and Alaska Native"
"S1701_C03_011MA","Annotation of Percent below poverty level!!Margin of Error!!RACE AND HISPANIC OR LATINO ORIGIN!!One race!!American Indian and Alaska Native"
"S1701_C03_011EA","Annotation of Percent below poverty level!!Estimate!!RACE AND HISPANIC OR LATINO ORIGIN!!One race!!American Indian and Alaska Native"
"S1701_C01_012E","Total!!Estimate!!RACE AND HISPANIC OR LATINO ORIGIN!!One race!!Asian"
"S1701_C01_012EA","Annotation of Total!!Estimate!!RACE AND HISPANIC OR LATINO ORIGIN!!One race!!Asian"
"S1701_C01_012M","Total!!Margin of Error!!RACE AND HISPANIC OR LATINO ORIGIN!!One race!!Asian"
"S1701_C01_012MA","Annotation of Total!!Margin of Error!!RACE AND HISPANIC OR LATINO ORIGIN!!One race!!Asian"
"S1701_C02_012E","Below poverty level!!Estimate!!RACE AND HISPANIC OR LATINO ORIGIN!!One race!!Asian"
"S1701_C02_012M","Below poverty level!!Margin of Error!!RACE AND HISPANIC OR LATINO ORIGIN!!One race!!Asian"
"S1701_C02_012MA","Annotation of Below poverty level!!Margin of Error!!RACE AND HISPANIC OR LATINO ORIGIN!!One race!!Asian"
"S1701_C02_012EA","Annotation of Below poverty level!!Estimate!!RACE AND HISPANIC OR LATINO ORIGIN!!One race!!Asian"
"S1701_C03_012E","Percent below poverty level!!Estimate!!RACE AND HISPANIC OR LATINO ORIGIN!!One race!!Asian"
"S1701_C03_012M","Percent below poverty level!!Margin of Error!!RACE AND HISPANIC OR LATINO ORIGIN!!One race!!Asian"
"S1701_C03_012MA","Annotation of Percent below poverty level!!Margin of Error!!RACE AND HISPANIC OR LATINO ORIGIN!!One race!!Asian"
"S1701_C03_012EA","Annotation of Percent below poverty level!!Estimate!!RACE AND HISPANIC OR LATINO ORIGIN!!One race!!Asian"
"S1701_C01_013E","Total!!Estimate!!RACE AND HISPANIC OR LATINO ORIGIN!!One race!!Native Hawaiian and Other Pacific Islander"
"S1701_C01_013M","Total!!Margin of Error!!RACE AND HISPANIC OR LATINO ORIGIN!!One race!!Native Hawaiian and Other Pacific Islander"
"S1701_C01_013MA","Annotation of Total!!Margin of Error!!RACE AND HISPANIC OR LATINO ORIGIN!!One race!!Native Hawaiian and Other Pacific Islander"
"S1701_C01_013EA","Annotation of Total!!Estimate!!RACE AND HISPANIC OR LATINO ORIGIN!!One race!!Native Hawaiian and Other Pacific Islander"
"S1701_C02_013E","Below poverty level!!Estimate!!RACE AND HISPANIC OR LATINO ORIGIN!!One race!!Native Hawaiian and Other Pacific Islander"
"S1701_C02_013M","Below poverty level!!Margin of Error!!RACE AND HISPANIC OR LATINO ORIGIN!!One race!!Native Hawaiian and Other Pacific Islander"
"S1701_C02_013MA","Annotation of Below poverty level!!Margin of Error!!RACE AND HISPANIC OR LATINO ORIGIN!!One race!!Native Hawaiian and Other Pacific Islander"
"S1701_C02_013EA","Annotation of Below poverty level!!Estimate!!RACE AND HISPANIC OR LATINO ORIGIN!!One race!!Native Hawaiian and Other Pacific Islander"
"S1701_C03_013E","Percent below poverty level!!Estimate!!RACE AND HISPANIC OR LATINO ORIGIN!!One race!!Native Hawaiian and Other Pacific Islander"
"S1701_C03_013EA","Annotation of Percent below poverty level!!Estimate!!RACE AND HISPANIC OR LATINO ORIGIN!!One race!!Native Hawaiian and Other Pacific Islander"
"S1701_C03_013M","Percent below poverty level!!Margin of Error!!RACE AND HISPANIC OR LATINO ORIGIN!!One race!!Native Hawaiian and Other Pacific Islander"
"S1701_C03_013MA","Annotation of Percent below poverty level!!Margin of Error!!RACE AND HISPANIC OR LATINO ORIGIN!!One race!!Native Hawaiian and Other Pacific Islander"
"S1701_C01_014E","Total!!Estimate!!RACE AND HISPANIC OR LATINO ORIGIN!!One race!!Some other race"
"S1701_C01_014M","Total!!Margin of Error!!RACE AND HISPANIC OR LATINO ORIGIN!!One race!!Some other race"
"S1701_C01_014MA","Annotation of Total!!Margin of Error!!RACE AND HISPANIC OR LATINO ORIGIN!!One race!!Some other race"
"S1701_C01_014EA","Annotation of Total!!Estimate!!RACE AND HISPANIC OR LATINO ORIGIN!!One race!!Some other race"
"S1701_C02_014E","Below poverty level!!Estimate!!RACE AND HISPANIC OR LATINO ORIGIN!!One race!!Some other race"
"S1701_C02_014M","Below poverty level!!Margin of Error!!RACE AND HISPANIC OR LATINO ORIGIN!!One race!!Some other race"
"S1701_C02_014MA","Annotation of Below poverty level!!Margin of Error!!RACE AND HISPANIC OR LATINO ORIGIN!!One race!!Some other race"
"S1701_C02_014EA","Annotation of Below poverty level!!Estimate!!RACE AND HISPANIC OR LATINO ORIGIN!!One race!!Some other race"
"S1701_C03_014E","Percent below poverty level!!Estimate!!RACE AND HISPANIC OR LATINO ORIGIN!!One race!!Some other race"
"S1701_C03_014EA","Annotation of Percent below poverty level!!Estimate!!RACE AND HISPANIC OR LATINO ORIGIN!!One race!!Some other race"
"S1701_C03_014M","Percent below poverty level!!Margin of Error!!RACE AND HISPANIC OR LATINO ORIGIN!!One race!!Some other race"
"S1701_C03_014MA","Annotation of Percent below poverty level!!Margin of Error!!RACE AND HISPANIC OR LATINO ORIGIN!!One race!!Some other race"
"S1701_C01_015E","Total!!Estimate!!RACE AND HISPANIC OR LATINO ORIGIN!!Two or more races"
"S1701_C01_015M","Total!!Margin of Error!!RACE AND HISPANIC OR LATINO ORIGIN!!Two or more races"
"S1701_C01_015MA","Annotation of Total!!Margin of Error!!RACE AND HISPANIC OR LATINO ORIGIN!!Two or more races"
"S1701_C01_015EA","Annotation of Total!!Estimate!!RACE AND HISPANIC OR LATINO ORIGIN!!Two or more races"
"S1701_C02_015E","Below poverty level!!Estimate!!RACE AND HISPANIC OR LATINO ORIGIN!!Two or more races"
"S1701_C02_015EA","Annotation of Below poverty level!!Estimate!!RACE AND HISPANIC OR LATINO ORIGIN!!Two or more races"
"S1701_C02_015M","Below poverty level!!Margin of Error!!RACE AND HISPANIC OR LATINO ORIGIN!!Two or more races"
"S1701_C02_015MA","Annotation of Below poverty level!!Margin of Error!!RACE AND HISPANIC OR LATINO ORIGIN!!Two or more races"
"S1701_C03_015E","Percent below poverty level!!Estimate!!RACE AND HISPANIC OR LATINO ORIGIN!!Two or more races"
"S1701_C03_015M","Percent below poverty level!!Margin of Error!!RACE AND HISPANIC OR LATINO ORIGIN!!Two or more races"
"S1701_C03_015MA","Annotation of Percent below poverty level!!Margin of Error!!RACE AND HISPANIC OR LATINO ORIGIN!!Two or more races"
"S1701_C03_015EA","Annotation of Percent below poverty level!!Estimate!!RACE AND HISPANIC OR LATINO ORIGIN!!Two or more races"
"S1701_C01_016E","Total!!Estimate!!Hispanic or Latino origin (of any race)"
"S1701_C01_016M","Total!!Margin of Error!!Hispanic or Latino origin (of any race)"
"S1701_C01_016MA","Annotation of Total!!Margin of Error!!Hispanic or Latino origin (of any race)"
"S1701_C01_016EA","Annotation of Total!!Estimate!!Hispanic or Latino origin (of any race)"
"S1701_C02_016E","Below poverty level!!Estimate!!Hispanic or Latino origin (of any race)"
"S1701_C02_016EA","Annotation of Below poverty level!!Estimate!!Hispanic or Latino origin (of any race)"
"S1701_C02_016M","Below poverty level!!Margin of Error!!Hispanic or Latino origin (of any race)"
"S1701_C02_016MA","Annotation of Below poverty level!!Margin of Error!!Hispanic or Latino origin (of any race)"
"S1701_C03_016E","Percent below poverty level!!Estimate!!Hispanic or Latino origin (of any race)"
"S1701_C03_016M","Percent below poverty level!!Margin of Error!!Hispanic or Latino origin (of any race)"
"S1701_C03_016MA","Annotation of Percent below poverty level!!Margin of Error!!Hispanic or Latino origin (of any race)"
"S1701_C03_016EA","Annotation of Percent below poverty level!!Estimate!!Hispanic or Latino origin (of any race)"
"S1701_C01_017E","Total!!Estimate!!White alone, not Hispanic or Latino"
"S1701_C01_017EA","Annotation of Total!!Estimate!!White alone, not Hispanic or Latino"
"S1701_C01_017M","Total!!Margin of Error!!White alone, not Hispanic or Latino"
"S1701_C01_017MA","Annotation of Total!!Margin of Error!!White alone, not Hispanic or Latino"
"S1701_C02_017E","Below poverty level!!Estimate!!White alone, not Hispanic or Latino"
"S1701_C02_017M","Below poverty level!!Margin of Error!!White alone, not Hispanic or Latino"
"S1701_C02_017MA","Annotation of Below poverty level!!Margin of Error!!White alone, not Hispanic or Latino"
"S1701_C02_017EA","Annotation of Below poverty level!!Estimate!!White alone, not Hispanic or Latino"
"S1701_C03_017E","Percent below poverty level!!Estimate!!White alone, not Hispanic or Latino"
"S1701_C03_017M","Percent below poverty level!!Margin of Error!!White alone, not Hispanic or Latino"
"S1701_C03_017MA","Annotation of Percent below poverty level!!Margin of Error!!White alone, not Hispanic or Latino"
"S1701_C03_017EA","Annotation of Percent below poverty level!!Estimate!!White alone, not Hispanic or Latino"
"S1701_C01_018E","Total!!Estimate!!EDUCATIONAL ATTAINMENT!!Population 25 years and over"
"S1701_C01_018M","Total!!Margin of Error!!EDUCATIONAL ATTAINMENT!!Population 25 years and over"
"S1701_C01_018MA","Annotation of Total!!Margin of Error!!EDUCATIONAL ATTAINMENT!!Population 25 years and over"
"S1701_C01_018EA","Annotation of Total!!Estimate!!EDUCATIONAL ATTAINMENT!!Population 25 years and over"
"S1701_C02_018E","Below poverty level!!Estimate!!EDUCATIONAL ATTAINMENT!!Population 25 years and over"
"S1701_C02_018M","Below poverty level!!Margin of Error!!EDUCATIONAL ATTAINMENT!!Population 25 years and over"
"S1701_C02_018MA","Annotation of Below poverty level!!Margin of Error!!EDUCATIONAL ATTAINMENT!!Population 25 years and over"
"S1701_C02_018EA","Annotation of Below poverty level!!Estimate!!EDUCATIONAL ATTAINMENT!!Population 25 years and over"
"S1701_C03_018E","Percent below poverty level!!Estimate!!EDUCATIONAL ATTAINMENT!!Population 25 years and over"
"S1701_C03_018EA","Annotation of Percent below poverty level!!Estimate!!EDUCATIONAL ATTAINMENT!!Population 25 years and over"
"S1701_C03_018M","Percent below poverty level!!Margin of Error!!EDUCATIONAL ATTAINMENT!!Population 25 years and over"
"S1701_C03_018MA","Annotation of Percent below poverty level!!Margin of Error!!EDUCATIONAL ATTAINMENT!!Population 25 years and over"
"S1701_C01_019E","Total!!Estimate!!EDUCATIONAL ATTAINMENT!!Population 25 years and over!!Less than high school graduate"
"S1701_C01_019M","Total!!Margin of Error!!EDUCATIONAL ATTAINMENT!!Population 25 years and over!!Less than high school graduate"
"S1701_C01_019MA","Annotation of Total!!Margin of Error!!EDUCATIONAL ATTAINMENT!!Population 25 years and over!!Less than high school graduate"
"S1701_C01_019EA","Annotation of Total!!Estimate!!EDUCATIONAL ATTAINMENT!!Population 25 years and over!!Less than high school graduate"
"S1701_C02_019E","Below poverty level!!Estimate!!EDUCATIONAL ATTAINMENT!!Population 25 years and over!!Less than high school graduate"
"S1701_C02_019M","Below poverty level!!Margin of Error!!EDUCATIONAL ATTAINMENT!!Population 25 years and over!!Less than high school graduate"
"S1701_C02_019MA","Annotation of Below poverty level!!Margin of Error!!EDUCATIONAL ATTAINMENT!!Population 25 years and over!!Less than high school graduate"
"S1701_C02_019EA","Annotation of Below poverty level!!Estimate!!EDUCATIONAL ATTAINMENT!!Population 25 years and over!!Less than high school graduate"
"S1701_C03_019E","Percent below poverty level!!Estimate!!EDUCATIONAL ATTAINMENT!!Population 25 years and over!!Less than high school graduate"
"S1701_C03_019EA","Annotation of Percent below poverty level!!Estimate!!EDUCATIONAL ATTAINMENT!!Population 25 years and over!!Less than high school graduate"
"S1701_C03_019M","Percent below poverty level!!Margin of Error!!EDUCATIONAL ATTAINMENT!!Population 25 years and over!!Less than high school graduate"
"S1701_C03_019MA","Annotation of Percent below poverty level!!Margin of Error!!EDUCATIONAL ATTAINMENT!!Population 25 years and over!!Less than high school graduate"
"S1701_C01_020E","Total!!Estimate!!EDUCATIONAL ATTAINMENT!!Population 25 years and over!!High school graduate (includes equivalency)"
"S1701_C01_020M","Total!!Margin of Error!!EDUCATIONAL ATTAINMENT!!Population 25 years and over!!High school graduate (includes equivalency)"
"S1701_C01_020MA","Annotation of Total!!Margin of Error!!EDUCATIONAL ATTAINMENT!!Population 25 years and over!!High school graduate (includes equivalency)"
"S1701_C01_020EA","Annotation of Total!!Estimate!!EDUCATIONAL ATTAINMENT!!Population 25 years and over!!High school graduate (includes equivalency)"
"S1701_C02_020E","Below poverty level!!Estimate!!EDUCATIONAL ATTAINMENT!!Population 25 years and over!!High school graduate (includes equivalency)"
"S1701_C02_020EA","Annotation of Below poverty level!!Estimate!!EDUCATIONAL ATTAINMENT!!Population 25 years and over!!High school graduate (includes equivalency)"
"S1701_C02_020M","Below poverty level!!Margin of Error!!EDUCATIONAL ATTAINMENT!!Population 25 years and over!!High school graduate (includes equivalency)"
"S1701_C02_020MA","Annotation of Below poverty level!!Margin of Error!!EDUCATIONAL ATTAINMENT!!Population 25 years and over!!High school graduate (includes equivalency)"
"S1701_C03_020E","Percent below poverty level!!Estimate!!EDUCATIONAL ATTAINMENT!!Population 25 years and over!!High school graduate (includes equivalency)"
"S1701_C03_020M","Percent below poverty level!!Margin of Error!!EDUCATIONAL ATTAINMENT!!Population 25 years and over!!High school graduate (includes equivalency)"
"S1701_C03_020MA","Annotation of Percent below poverty level!!Margin of Error!!EDUCATIONAL ATTAINMENT!!Population 25 years and over!!High school graduate (includes equivalency)"
"S1701_C03_020EA","Annotation of Percent below poverty level!!Estimate!!EDUCATIONAL ATTAINMENT!!Population 25 years and over!!High school graduate (includes equivalency)"
"S1701_C01_021E","Total!!Estimate!!EDUCATIONAL ATTAINMENT!!Population 25 years and over!!Some college, associate's degree"
"S1701_C01_021M","Total!!Margin of Error!!EDUCATIONAL ATTAINMENT!!Population 25 years and over!!Some college, associate's degree"
"S1701_C01_021MA","Annotation of Total!!Margin of Error!!EDUCATIONAL ATTAINMENT!!Population 25 years and over!!Some college, associate's degree"
"S1701_C01_021EA","Annotation of Total!!Estimate!!EDUCATIONAL ATTAINMENT!!Population 25 years and over!!Some college, associate's degree"
"S1701_C02_021E","Below poverty level!!Estimate!!EDUCATIONAL ATTAINMENT!!Population 25 years and over!!Some college, associate's degree"
"S1701_C02_021EA","Annotation of Below poverty level!!Estimate!!EDUCATIONAL ATTAINMENT!!Population 25 years and over!!Some college, associate's degree"
"S1701_C02_021M","Below poverty level!!Margin of Error!!EDUCATIONAL ATTAINMENT!!Population 25 years and over!!Some college, associate's degree"
"S1701_C02_021MA","Annotation of Below poverty level!!Margin of Error!!EDUCATIONAL ATTAINMENT!!Population 25 years and over!!Some college, associate's degree"
"S1701_C03_021E","Percent below poverty level!!Estimate!!EDUCATIONAL ATTAINMENT!!Population 25 years and over!!Some college, associate's degree"
"S1701_C03_021M","Percent below poverty level!!Margin of Error!!EDUCATIONAL ATTAINMENT!!Population 25 years and over!!Some college, associate's degree"
"S1701_C03_021MA","Annotation of Percent below poverty level!!Margin of Error!!EDUCATIONAL ATTAINMENT!!Population 25 years and over!!Some college, associate's degree"
"S1701_C03_021EA","Annotation of Percent below poverty level!!Estimate!!EDUCATIONAL ATTAINMENT!!Population 25 years and over!!Some college, associate's degree"
"S1701_C01_022E","Total!!Estimate!!EDUCATIONAL ATTAINMENT!!Population 25 years and over!!Bachelor's degree or higher"
"S1701_C01_022EA","Annotation of Total!!Estimate!!EDUCATIONAL ATTAINMENT!!Population 25 years and over!!Bachelor's degree or higher"
"S1701_C01_022M","Total!!Margin of Error!!EDUCATIONAL ATTAINMENT!!Population 25 years and over!!Bachelor's degree or higher"
"S1701_C01_022MA","Annotation of Total!!Margin of Error!!EDUCATIONAL ATTAINMENT!!Population 25 years and over!!Bachelor's degree or higher"
"S1701_C02_022E","Below poverty level!!Estimate!!EDUCATIONAL ATTAINMENT!!Population 25 years and over!!Bachelor's degree or higher"
"S1701_C02_022M","Below poverty level!!Margin of Error!!EDUCATIONAL ATTAINMENT!!Population 25 years and over!!Bachelor's degree or higher"
"S1701_C02_022MA","Annotation of Below poverty level!!Margin of Error!!EDUCATIONAL ATTAINMENT!!Population 25 years and over!!Bachelor's degree or higher"
"S1701_C02_022EA","Annotation of Below poverty level!!Estimate!!EDUCATIONAL ATTAINMENT!!Population 25 years and over!!Bachelor's degree or higher"
"S1701_C03_022E","Percent below poverty level!!Estimate!!EDUCATIONAL ATTAINMENT!!Population 25 years and over!!Bachelor's degree or higher"
"S1701_C03_022M","Percent below poverty level!!Margin of Error!!EDUCATIONAL ATTAINMENT!!Population 25 years and over!!Bachelor's degree or higher"
"S1701_C03_022MA","Annotation of Percent below poverty level!!Margin of Error!!EDUCATIONAL ATTAINMENT!!Population 25 years and over!!Bachelor's degree or higher"
"S1701_C03_022EA","Annotation of Percent below poverty level!!Estimate!!EDUCATIONAL ATTAINMENT!!Population 25 years and over!!Bachelor's degree or higher"
"S1701_C01_023E","Total!!Estimate!!EMPLOYMENT STATUS!!Civilian labor force 16 years and over"
"S1701_C01_023M","Total!!Margin of Error!!EMPLOYMENT STATUS!!Civilian labor force 16 years and over"
"S1701_C01_023MA","Annotation of Total!!Margin of Error!!EMPLOYMENT STATUS!!Civilian labor force 16 years and over"
"S1701_C01_023EA","Annotation of Total!!Estimate!!EMPLOYMENT STATUS!!Civilian labor force 16 years and over"
"S1701_C02_023E","Below poverty level!!Estimate!!EMPLOYMENT STATUS!!Civilian labor force 16 years and over"
"S1701_C02_023M","Below poverty level!!Margin of Error!!EMPLOYMENT STATUS!!Civilian labor force 16 years and over"
"S1701_C02_023MA","Annotation of Below poverty level!!Margin of Error!!EMPLOYMENT STATUS!!Civilian labor force 16 years and over"
"S1701_C02_023EA","Annotation of Below poverty level!!Estimate!!EMPLOYMENT STATUS!!Civilian labor force 16 years and over"
"S1701_C03_023E","Percent below poverty level!!Estimate!!EMPLOYMENT STATUS!!Civilian labor force 16 years and over"
"S1701_C03_023M","Percent below poverty level!!Margin of Error!!EMPLOYMENT STATUS!!Civilian labor force 16 years and over"
"S1701_C03_023MA","Annotation of Percent below poverty level!!Margin of Error!!EMPLOYMENT STATUS!!Civilian labor force 16 years and over"
"S1701_C03_023EA","Annotation of Percent below poverty level!!Estimate!!EMPLOYMENT STATUS!!Civilian labor force 16 years and over"
"S1701_C01_024E","Total!!Estimate!!EMPLOYMENT STATUS!!Civilian labor force 16 years and over!!Employed"
"S1701_C01_024M","Total!!Margin of Error!!EMPLOYMENT STATUS!!Civilian labor force 16 years and over!!Employed"
"S1701_C01_024MA","Annotation of Total!!Margin of Error!!EMPLOYMENT STATUS!!Civilian labor force 16 years and over!!Employed"
"S1701_C01_024EA","Annotation of Total!!Estimate!!EMPLOYMENT STATUS!!Civilian labor force 16 years and over!!Employed"
"S1701_C02_024E","Below poverty level!!Estimate!!EMPLOYMENT STATUS!!Civilian labor force 16 years and over!!Employed"
"S1701_C02_024M","Below poverty level!!Margin of Error!!EMPLOYMENT STATUS!!Civilian labor force 16 years and over!!Employed"
"S1701_C02_024MA","Annotation of Below poverty level!!Margin of Error!!EMPLOYMENT STATUS!!Civilian labor force 16 years and over!!Employed"
"S1701_C02_024EA","Annotation of Below poverty level!!Estimate!!EMPLOYMENT STATUS!!Civilian labor force 16 years and over!!Employed"
"S1701_C03_024E","Percent below poverty level!!Estimate!!EMPLOYMENT STATUS!!Civilian labor force 16 years and over!!Employed"
"S1701_C03_024EA","Annotation of Percent below poverty level!!Estimate!!EMPLOYMENT STATUS!!Civilian labor force 16 years and over!!Employed"
"S1701_C03_024M","Percent below poverty level!!Margin of Error!!EMPLOYMENT STATUS!!Civilian labor force 16 years and over!!Employed"
"S1701_C03_024MA","Annotation of Percent below poverty level!!Margin of Error!!EMPLOYMENT STATUS!!Civilian labor force 16 years and over!!Employed"
"S1701_C01_025E","Total!!Estimate!!EMPLOYMENT STATUS!!Civilian labor force 16 years and over!!Employed!!Male"
"S1701_C01_025M","Total!!Margin of Error!!EMPLOYMENT STATUS!!Civilian labor force 16 years and over!!Employed!!Male"
"S1701_C01_025MA","Annotation of Total!!Margin of Error!!EMPLOYMENT STATUS!!Civilian labor force 16 years and over!!Employed!!Male"
"S1701_C01_025EA","Annotation of Total!!Estimate!!EMPLOYMENT STATUS!!Civilian labor force 16 years and over!!Employed!!Male"
"S1701_C02_025E","Below poverty level!!Estimate!!EMPLOYMENT STATUS!!Civilian labor force 16 years and over!!Employed!!Male"
"S1701_C02_025M","Below poverty level!!Margin of Error!!EMPLOYMENT STATUS!!Civilian labor force 16 years and over!!Employed!!Male"
"S1701_C02_025MA","Annotation of Below poverty level!!Margin of Error!!EMPLOYMENT STATUS!!Civilian labor force 16 years and over!!Employed!!Male"
"S1701_C02_025EA","Annotation of Below poverty level!!Estimate!!EMPLOYMENT STATUS!!Civilian labor force 16 years and over!!Employed!!Male"
"S1701_C03_025E","Percent below poverty level!!Estimate!!EMPLOYMENT STATUS!!Civilian labor force 16 years and over!!Employed!!Male"
"S1701_C03_025EA","Annotation of Percent below poverty level!!Estimate!!EMPLOYMENT STATUS!!Civilian labor force 16 years and over!!Employed!!Male"
"S1701_C03_025M","Percent below poverty level!!Margin of Error!!EMPLOYMENT STATUS!!Civilian labor force 16 years and over!!Employed!!Male"
"S1701_C03_025MA","Annotation of Percent below poverty level!!Margin of Error!!EMPLOYMENT STATUS!!Civilian labor force 16 years and over!!Employed!!Male"
"S1701_C01_026E","Total!!Estimate!!EMPLOYMENT STATUS!!Civilian labor force 16 years and over!!Employed!!Female"
"S1701_C01_026M","Total!!Margin of Error!!EMPLOYMENT STATUS!!Civilian labor force 16 years and over!!Employed!!Female"
"S1701_C01_026MA","Annotation of Total!!Margin of Error!!EMPLOYMENT STATUS!!Civilian labor force 16 years and over!!Employed!!Female"
"S1701_C01_026EA","Annotation of Total!!Estimate!!EMPLOYMENT STATUS!!Civilian labor force 16 years and over!!Employed!!Female"
"S1701_C02_026E","Below poverty level!!Estimate!!EMPLOYMENT STATUS!!Civilian labor force 16 years and over!!Employed!!Female"
"S1701_C02_026EA","Annotation of Below poverty level!!Estimate!!EMPLOYMENT STATUS!!Civilian labor force 16 years and over!!Employed!!Female"
"S1701_C02_026M","Below poverty level!!Margin of Error!!EMPLOYMENT STATUS!!Civilian labor force 16 years and over!!Employed!!Female"
"S1701_C02_026MA","Annotation of Below poverty level!!Margin of Error!!EMPLOYMENT STATUS!!Civilian labor force 16 years and over!!Employed!!Female"
"S1701_C03_026E","Percent below poverty level!!Estimate!!EMPLOYMENT STATUS!!Civilian labor force 16 years and over!!Employed!!Female"
"S1701_C03_026M","Percent below poverty level!!Margin of Error!!EMPLOYMENT STATUS!!Civilian labor force 16 years and over!!Employed!!Female"
"S1701_C03_026MA","Annotation of Percent below poverty level!!Margin of Error!!EMPLOYMENT STATUS!!Civilian labor force 16 years and over!!Employed!!Female"
"S1701_C03_026EA","Annotation of Percent below poverty level!!Estimate!!EMPLOYMENT STATUS!!Civilian labor force 16 years and over!!Employed!!Female"
"S1701_C01_027E","Total!!Estimate!!EMPLOYMENT STATUS!!Civilian labor force 16 years and over!!Unemployed"
"S1701_C01_027M","Total!!Margin of Error!!EMPLOYMENT STATUS!!Civilian labor force 16 years and over!!Unemployed"
"S1701_C01_027MA","Annotation of Total!!Margin of Error!!EMPLOYMENT STATUS!!Civilian labor force 16 years and over!!Unemployed"
"S1701_C01_027EA","Annotation of Total!!Estimate!!EMPLOYMENT STATUS!!Civilian labor force 16 years and over!!Unemployed"
"S1701_C02_027E","Below poverty level!!Estimate!!EMPLOYMENT STATUS!!Civilian labor force 16 years and over!!Unemployed"
"S1701_C02_027M","Below poverty level!!Margin of Error!!EMPLOYMENT STATUS!!Civilian labor force 16 years and over!!Unemployed"
"S1701_C02_027MA","Annotation of Below poverty level!!Margin of Error!!EMPLOYMENT STATUS!!Civilian labor force 16 years and over!!Unemployed"
"S1701_C02_027EA","Annotation of Below poverty level!!Estimate!!EMPLOYMENT STATUS!!Civilian labor force 16 years and over!!Unemployed"
"S1701_C03_027E","Percent below poverty level!!Estimate!!EMPLOYMENT STATUS!!Civilian labor force 16 years and over!!Unemployed"
"S1701_C03_027M","Percent below poverty level!!Margin of Error!!EMPLOYMENT STATUS!!Civilian labor force 16 years and over!!Unemployed"
"S1701_C03_027MA","Annotation of Percent below poverty level!!Margin of Error!!EMPLOYMENT STATUS!!Civilian labor force 16 years and over!!Unemployed"
"S1701_C03_027EA","Annotation of Percent below poverty level!!Estimate!!EMPLOYMENT STATUS!!Civilian labor force 16 years and over!!Unemployed"
"S1701_C01_028E","Total!!Estimate!!EMPLOYMENT STATUS!!Civilian labor force 16 years and over!!Unemployed!!Male"
"S1701_C01_028EA","Annotation of Total!!Estimate!!EMPLOYMENT STATUS!!Civilian labor force 16 years and over!!Unemployed!!Male"
"S1701_C01_028M","Total!!Margin of Error!!EMPLOYMENT STATUS!!Civilian labor force 16 years and over!!Unemployed!!Male"
"S1701_C01_028MA","Annotation of Total!!Margin of Error!!EMPLOYMENT STATUS!!Civilian labor force 16 years and over!!Unemployed!!Male"
"S1701_C02_028E","Below poverty level!!Estimate!!EMPLOYMENT STATUS!!Civilian labor force 16 years and over!!Unemployed!!Male"
"S1701_C02_028M","Below poverty level!!Margin of Error!!EMPLOYMENT STATUS!!Civilian labor force 16 years and over!!Unemployed!!Male"
"S1701_C02_028MA","Annotation of Below poverty level!!Margin of Error!!EMPLOYMENT STATUS!!Civilian labor force 16 years and over!!Unemployed!!Male"
"S1701_C02_028EA","Annotation of Below poverty level!!Estimate!!EMPLOYMENT STATUS!!Civilian labor force 16 years and over!!Unemployed!!Male"
"S1701_C03_028E","Percent below poverty level!!Estimate!!EMPLOYMENT STATUS!!Civilian labor force 16 years and over!!Unemployed!!Male"
"S1701_C03_028M","Percent below poverty level!!Margin of Error!!EMPLOYMENT STATUS!!Civilian labor force 16 years and over!!Unemployed!!Male"
"S1701_C03_028MA","Annotation of Percent below poverty level!!Margin of Error!!EMPLOYMENT STATUS!!Civilian labor force 16 years and over!!Unemployed!!Male"
"S1701_C03_028EA","Annotation of Percent below poverty level!!Estimate!!EMPLOYMENT STATUS!!Civilian labor force 16 years and over!!Unemployed!!Male"
"S1701_C01_029E","Total!!Estimate!!EMPLOYMENT STATUS!!Civilian labor force 16 years and over!!Unemployed!!Female"
"S1701_C01_029EA","Annotation of Total!!Estimate!!EMPLOYMENT STATUS!!Civilian labor force 16 years and over!!Unemployed!!Female"
"S1701_C01_029M","Total!!Margin of Error!!EMPLOYMENT STATUS!!Civilian labor force 16 years and over!!Unemployed!!Female"
"S1701_C01_029MA","Annotation of Total!!Margin of Error!!EMPLOYMENT STATUS!!Civilian labor force 16 years and over!!Unemployed!!Female"
"S1701_C02_029E","Below poverty level!!Estimate!!EMPLOYMENT STATUS!!Civilian labor force 16 years and over!!Unemployed!!Female"
"S1701_C02_029M","Below poverty level!!Margin of Error!!EMPLOYMENT STATUS!!Civilian labor force 16 years and over!!Unemployed!!Female"
"S1701_C02_029MA","Annotation of Below poverty level!!Margin of Error!!EMPLOYMENT STATUS!!Civilian labor force 16 years and over!!Unemployed!!Female"
"S1701_C02_029EA","Annotation of Below poverty level!!Estimate!!EMPLOYMENT STATUS!!Civilian labor force 16 years and over!!Unemployed!!Female"
"S1701_C03_029E","Percent below poverty level!!Estimate!!EMPLOYMENT STATUS!!Civilian labor force 16 years and over!!Unemployed!!Female"
"S1701_C03_029EA","Annotation of Percent below poverty level!!Estimate!!EMPLOYMENT STATUS!!Civilian labor force 16 years and over!!Unemployed!!Female"
"S1701_C03_029M","Percent below poverty level!!Margin of Error!!EMPLOYMENT STATUS!!Civilian labor force 16 years and over!!Unemployed!!Female"
"S1701_C03_029MA","Annotation of Percent below poverty level!!Margin of Error!!EMPLOYMENT STATUS!!Civilian labor force 16 years and over!!Unemployed!!Female"
"S1701_C01_030E","Total!!Estimate!!WORK EXPERIENCE!!Population 16 years and over"
"S1701_C01_030EA","Annotation of Total!!Estimate!!WORK EXPERIENCE!!Population 16 years and over"
"S1701_C01_030M","Total!!Margin of Error!!WORK EXPERIENCE!!Population 16 years and over"
"S1701_C01_030MA","Annotation of Total!!Margin of Error!!WORK EXPERIENCE!!Population 16 years and over"
"S1701_C02_030E","Below poverty level!!Estimate!!WORK EXPERIENCE!!Population 16 years and over"
"S1701_C02_030M","Below poverty level!!Margin of Error!!WORK EXPERIENCE!!Population 16 years and over"
"S1701_C02_030MA","Annotation of Below poverty level!!Margin of Error!!WORK EXPERIENCE!!Population 16 years and over"
"S1701_C02_030EA","Annotation of Below poverty level!!Estimate!!WORK EXPERIENCE!!Population 16 years and over"
"S1701_C03_030E","Percent below poverty level!!Estimate!!WORK EXPERIENCE!!Population 16 years and over"
"S1701_C03_030EA","Annotation of Percent below poverty level!!Estimate!!WORK EXPERIENCE!!Population 16 years and over"
"S1701_C03_030M","Percent below poverty level!!Margin of Error!!WORK EXPERIENCE!!Population 16 years and over"
"S1701_C03_030MA","Annotation of Percent below poverty level!!Margin of Error!!WORK EXPERIENCE!!Population 16 years and over"
"S1701_C01_031E","Total!!Estimate!!WORK EXPERIENCE!!Population 16 years and over!!Worked full-time, year-round in the past 12 months"
"S1701_C01_031EA","Annotation of Total!!Estimate!!WORK EXPERIENCE!!Population 16 years and over!!Worked full-time, year-round in the past 12 months"
"S1701_C01_031M","Total!!Margin of Error!!WORK EXPERIENCE!!Population 16 years and over!!Worked full-time, year-round in the past 12 months"
"S1701_C01_031MA","Annotation of Total!!Margin of Error!!WORK EXPERIENCE!!Population 16 years and over!!Worked full-time, year-round in the past 12 months"
"S1701_C02_031E","Below poverty level!!Estimate!!WORK EXPERIENCE!!Population 16 years and over!!Worked full-time, year-round in the past 12 months"
"S1701_C02_031EA","Annotation of Below poverty level!!Estimate!!WORK EXPERIENCE!!Population 16 years and over!!Worked full-time, year-round in the past 12 months"
"S1701_C02_031M","Below poverty level!!Margin of Error!!WORK EXPERIENCE!!Population 16 years and over!!Worked full-time, year-round in the past 12 months"
"S1701_C02_031MA","Annotation of Below poverty level!!Margin of Error!!WORK EXPERIENCE!!Population 16 years and over!!Worked full-time, year-round in the past 12 months"
"S1701_C03_031E","Percent below poverty level!!Estimate!!WORK EXPERIENCE!!Population 16 years and over!!Worked full-time, year-round in the past 12 months"
"S1701_C03_031M","Percent below poverty level!!Margin of Error!!WORK EXPERIENCE!!Population 16 years and over!!Worked full-time, year-round in the past 12 months"
"S1701_C03_031MA","Annotation of Percent below poverty level!!Margin of Error!!WORK EXPERIENCE!!Population 16 years and over!!Worked full-time, year-round in the past 12 months"
"S1701_C03_031EA","Annotation of Percent below poverty level!!Estimate!!WORK EXPERIENCE!!Population 16 years and over!!Worked full-time, year-round in the past 12 months"
"S1701_C01_032E","Total!!Estimate!!WORK EXPERIENCE!!Population 16 years and over!!Worked part-time or part-year in the past 12 months"
"S1701_C01_032EA","Annotation of Total!!Estimate!!WORK EXPERIENCE!!Population 16 years and over!!Worked part-time or part-year in the past 12 months"
"S1701_C01_032M","Total!!Margin of Error!!WORK EXPERIENCE!!Population 16 years and over!!Worked part-time or part-year in the past 12 months"
"S1701_C01_032MA","Annotation of Total!!Margin of Error!!WORK EXPERIENCE!!Population 16 years and over!!Worked part-time or part-year in the past 12 months"
"S1701_C02_032E","Below poverty level!!Estimate!!WORK EXPERIENCE!!Population 16 years and over!!Worked part-time or part-year in the past 12 months"
"S1701_C02_032M","Below poverty level!!Margin of Error!!WORK EXPERIENCE!!Population 16 years and over!!Worked part-time or part-year in the past 12 months"
"S1701_C02_032MA","Annotation of Below poverty level!!Margin of Error!!WORK EXPERIENCE!!Population 16 years and over!!Worked part-time or part-year in the past 12 months"
"S1701_C02_032EA","Annotation of Below poverty level!!Estimate!!WORK EXPERIENCE!!Population 16 years and over!!Worked part-time or part-year in the past 12 months"
"S1701_C03_032E","Percent below poverty level!!Estimate!!WORK EXPERIENCE!!Population 16 years and over!!Worked part-time or part-year in the past 12 months"
"S1701_C03_032M","Percent below poverty level!!Margin of Error!!WORK EXPERIENCE!!Population 16 years and over!!Worked part-time or part-year in the past 12 months"
"S1701_C03_032MA","Annotation of Percent below poverty level!!Margin of Error!!WORK EXPERIENCE!!Population 16 years and over!!Worked part-time or part-year in the past 12 months"
"S1701_C03_032EA","Annotation of Percent below poverty level!!Estimate!!WORK EXPERIENCE!!Population 16 years and over!!Worked part-time or part-year in the past 12 months"
"S1701_C01_033E","Total!!Estimate!!WORK EXPERIENCE!!Population 16 years and over!!Did not work"
"S1701_C01_033M","Total!!Margin of Error!!WORK EXPERIENCE!!Population 16 years and over!!Did not work"
"S1701_C01_033MA","Annotation of Total!!Margin of Error!!WORK EXPERIENCE!!Population 16 years and over!!Did not work"
"S1701_C01_033EA","Annotation of Total!!Estimate!!WORK EXPERIENCE!!Population 16 years and over!!Did not work"
"S1701_C02_033E","Below poverty level!!Estimate!!WORK EXPERIENCE!!Population 16 years and over!!Did not work"
"S1701_C02_033M","Below poverty level!!Margin of Error!!WORK EXPERIENCE!!Population 16 years and over!!Did not work"
"S1701_C02_033MA","Annotation of Below poverty level!!Margin of Error!!WORK EXPERIENCE!!Population 16 years and over!!Did not work"
"S1701_C02_033EA","Annotation of Below poverty level!!Estimate!!WORK EXPERIENCE!!Population 16 years and over!!Did not work"
"S1701_C03_033E","Percent below poverty level!!Estimate!!WORK EXPERIENCE!!Population 16 years and over!!Did not work"
"S1701_C03_033M","Percent below poverty level!!Margin of Error!!WORK EXPERIENCE!!Population 16 years and over!!Did not work"
"S1701_C03_033MA","Annotation of Percent below poverty level!!Margin of Error!!WORK EXPERIENCE!!Population 16 years and over!!Did not work"
"S1701_C03_033EA","Annotation of Percent below poverty level!!Estimate!!WORK EXPERIENCE!!Population 16 years and over!!Did not work"
"S1701_C01_034E","Total!!Estimate!!All Individuals below!!50 percent of poverty level"
"S1701_C01_034M","Total!!Margin of Error!!All Individuals below!!50 percent of poverty level"
"S1701_C01_034MA","Annotation of Total!!Margin of Error!!All Individuals below!!50 percent of poverty level"
"S1701_C01_034EA","Annotation of Total!!Estimate!!All Individuals below!!50 percent of poverty level"
"S1701_C02_034E","Below poverty level!!Estimate!!All Individuals below!!50 percent of poverty level"
"S1701_C02_034M","Below poverty level!!Margin of Error!!All Individuals below!!50 percent of poverty level"
"S1701_C02_034MA","Annotation of Below poverty level!!Margin of Error!!All Individuals below!!50 percent of poverty level"
"S1701_C02_034EA","Annotation of Below poverty level!!Estimate!!All Individuals below!!50 percent of poverty level"
"S1701_C03_034E","Percent below poverty level!!Estimate!!All Individuals below!!50 percent of poverty level"
"S1701_C03_034M","Percent below poverty level!!Margin of Error!!All Individuals below!!50 percent of poverty level"
"S1701_C03_034MA","Annotation of Percent below poverty level!!Margin of Error!!All Individuals below!!50 percent of poverty level"
"S1701_C03_034EA","Annotation of Percent below poverty level!!Estimate!!All Individuals below!!50 percent of poverty level"
"S1701_C01_035E","Total!!Estimate!!All Individuals below!!125 percent of poverty level"
"S1701_C01_035M","Total!!Margin of Error!!All Individuals below!!125 percent of poverty level"
"S1701_C01_035MA","Annotation of Total!!Margin of Error!!All Individuals below!!125 percent of poverty level"
"S1701_C01_035EA","Annotation of Total!!Estimate!!All Individuals below!!125 percent of poverty level"
"S1701_C02_035E","Below poverty level!!Estimate!!All Individuals below!!125 percent of poverty level"
"S1701_C02_035M","Below poverty level!!Margin of Error!!All Individuals below!!125 percent of poverty level"
"S1701_C02_035MA","Annotation of Below poverty level!!Margin of Error!!All Individuals below!!125 percent of poverty level"
"S1701_C02_035EA","Annotation of Below poverty level!!Estimate!!All Individuals below!!125 percent of poverty level"
"S1701_C03_035E","Percent below poverty level!!Estimate!!All Individuals below!!125 percent of poverty level"
"S1701_C03_035EA","Annotation of Percent below poverty level!!Estimate!!All Individuals below!!125 percent of poverty level"
"S1701_C03_035M","Percent below poverty level!!Margin of Error!!All Individuals below!!125 percent of poverty level"
"S1701_C03_035MA","Annotation of Percent below poverty level!!Margin of Error!!All Individuals below!!125 percent of poverty level"
"S1701_C01_036E","Total!!Estimate!!All Individuals below!!150 percent of poverty level"
"S1701_C01_036M","Total!!Margin of Error!!All Individuals below!!150 percent of poverty level"
"S1701_C01_036MA","Annotation of Total!!Margin of Error!!All Individuals below!!150 percent of poverty level"
"S1701_C01_036EA","Annotation of Total!!Estimate!!All Individuals below!!150 percent of poverty level"
"S1701_C02_036E","Below poverty level!!Estimate!!All Individuals below!!150 percent of poverty level"
"S1701_C02_036M","Below poverty level!!Margin of Error!!All Individuals below!!150 percent of poverty level"
"S1701_C02_036MA","Annotation of Below poverty level!!Margin of Error!!All Individuals below!!150 percent of poverty level"
"S1701_C02_036EA","Annotation of Below poverty level!!Estimate!!All Individuals below!!150 percent of poverty level"
"S1701_C03_036E","Percent below poverty level!!Estimate!!All Individuals below!!150 percent of poverty level"
"S1701_C03_036EA","Annotation of Percent below poverty level!!Estimate!!All Individuals below!!150 percent of poverty level"
"S1701_C03_036M","Percent below poverty level!!Margin of Error!!All Individuals below!!150 percent of poverty level"
"S1701_C03_036MA","Annotation of Percent below poverty level!!Margin of Error!!All Individuals below!!150 percent of poverty level"
"S1701_C01_037E","Total!!Estimate!!All Individuals below!!185 percent of poverty level"
"S1701_C01_037M","Total!!Margin of Error!!All Individuals below!!185 percent of poverty level"
"S1701_C01_037MA","Annotation of Total!!Margin of Error!!All Individuals below!!185 percent of poverty level"
"S1701_C01_037EA","Annotation of Total!!Estimate!!All Individuals below!!185 percent of poverty level"
"S1701_C02_037E","Below poverty level!!Estimate!!All Individuals below!!185 percent of poverty level"
"S1701_C02_037EA","Annotation of Below poverty level!!Estimate!!All Individuals below!!185 percent of poverty level"
"S1701_C02_037M","Below poverty level!!Margin of Error!!All Individuals below!!185 percent of poverty level"
"S1701_C02_037MA","Annotation of Below poverty level!!Margin of Error!!All Individuals below!!185 percent of poverty level"
"S1701_C03_037E","Percent below poverty level!!Estimate!!All Individuals below!!185 percent of poverty level"
"S1701_C03_037M","Percent below poverty level!!Margin of Error!!All Individuals below!!185 percent of poverty level"
"S1701_C03_037MA","Annotation of Percent below poverty level!!Margin of Error!!All Individuals below!!185 percent of poverty level"
"S1701_C03_037EA","Annotation of Percent below poverty level!!Estimate!!All Individuals below!!185 percent of poverty level"
"S1701_C01_038E","Total!!Estimate!!All Individuals below!!200 percent of poverty level"
"S1701_C01_038M","Total!!Margin of Error!!All Individuals below!!200 percent of poverty level"
"S1701_C01_038MA","Annotation of Total!!Margin of Error!!All Individuals below!!200 percent of poverty level"
"S1701_C01_038EA","Annotation of Total!!Estimate!!All Individuals below!!200 percent of poverty level"
"S1701_C02_038E","Below poverty level!!Estimate!!All Individuals below!!200 percent of poverty level"
"S1701_C02_038EA","Annotation of Below poverty level!!Estimate!!All Individuals below!!200 percent of poverty level"
"S1701_C02_038M","Below poverty level!!Margin of Error!!All Individuals below!!200 percent of poverty level"
"S1701_C02_038MA","Annotation of Below poverty level!!Margin of Error!!All Individuals below!!200 percent of poverty level"
"S1701_C03_038E","Percent below poverty level!!Estimate!!All Individuals below!!200 percent of poverty level"
"S1701_C03_038EA","Annotation of Percent below poverty level!!Estimate!!All Individuals below!!200 percent of poverty level"
"S1701_C03_038M","Percent below poverty level!!Margin of Error!!All Individuals below!!200 percent of poverty level"
"S1701_C03_038MA","Annotation of Percent below poverty level!!Margin of Error!!All Individuals below!!200 percent of poverty level"
"S1701_C01_039E","Total!!Estimate!!Unrelated individuals for whom poverty status is determined"
"S1701_C01_039EA","Annotation of Total!!Estimate!!Unrelated individuals for whom poverty status is determined"
"S1701_C01_039M","Total!!Margin of Error!!Unrelated individuals for whom poverty status is determined"
"S1701_C01_039MA","Annotation of Total!!Margin of Error!!Unrelated individuals for whom poverty status is determined"
"S1701_C02_039E","Below poverty level!!Estimate!!Unrelated individuals for whom poverty status is determined"
"S1701_C02_039EA","Annotation of Below poverty level!!Estimate!!Unrelated individuals for whom poverty status is determined"
"S1701_C02_039M","Below poverty level!!Margin of Error!!Unrelated individuals for whom poverty status is determined"
"S1701_C02_039MA","Annotation of Below poverty level!!Margin of Error!!Unrelated individuals for whom poverty status is determined"
"S1701_C03_039E","Percent below poverty level!!Estimate!!Unrelated individuals for whom poverty status is determined"
"S1701_C03_039M","Percent below poverty level!!Margin of Error!!Unrelated individuals for whom poverty status is determined"
"S1701_C03_039MA","Annotation of Percent below poverty level!!Margin of Error!!Unrelated individuals for whom poverty status is determined"
"S1701_C03_039EA","Annotation of Percent below poverty level!!Estimate!!Unrelated individuals for whom poverty status is determined"
"S1701_C01_040E","Total!!Estimate!!Unrelated individuals for whom poverty status is determined!!Male"
"S1701_C01_040EA","Annotation of Total!!Estimate!!Unrelated individuals for whom poverty status is determined!!Male"
"S1701_C01_040M","Total!!Margin of Error!!Unrelated individuals for whom poverty status is determined!!Male"
"S1701_C01_040MA","Annotation of Total!!Margin of Error!!Unrelated individuals for whom poverty status is determined!!Male"
"S1701_C02_040E","Below poverty level!!Estimate!!Unrelated individuals for whom poverty status is determined!!Male"
"S1701_C02_040EA","Annotation of Below poverty level!!Estimate!!Unrelated individuals for whom poverty status is determined!!Male"
"S1701_C02_040M","Below poverty level!!Margin of Error!!Unrelated individuals for whom poverty status is determined!!Male"
"S1701_C02_040MA","Annotation of Below poverty level!!Margin of Error!!Unrelated individuals for whom poverty status is determined!!Male"
"S1701_C03_040E","Percent below poverty level!!Estimate!!Unrelated individuals for whom poverty status is determined!!Male"
"S1701_C03_040EA","Annotation of Percent below poverty level!!Estimate!!Unrelated individuals for whom poverty status is determined!!Male"
"S1701_C03_040M","Percent below poverty level!!Margin of Error!!Unrelated individuals for whom poverty status is determined!!Male"
"S1701_C03_040MA","Annotation of Percent below poverty level!!Margin of Error!!Unrelated individuals for whom poverty status is determined!!Male"
"S1701_C01_041E","Total!!Estimate!!Unrelated individuals for whom poverty status is determined!!Female"
"S1701_C01_041EA","Annotation of Total!!Estimate!!Unrelated individuals for whom poverty status is determined!!Female"
"S1701_C01_041M","Total!!Margin of Error!!Unrelated individuals for whom poverty status is determined!!Female"
"S1701_C01_041MA","Annotation of Total!!Margin of Error!!Unrelated individuals for whom poverty status is determined!!Female"
"S1701_C02_041E","Below poverty level!!Estimate!!Unrelated individuals for whom poverty status is determined!!Female"
"S1701_C02_041EA","Annotation of Below poverty level!!Estimate!!Unrelated individuals for whom poverty status is determined!!Female"
"S1701_C02_041M","Below poverty level!!Margin of Error!!Unrelated individuals for whom poverty status is determined!!Female"
"S1701_C02_041MA","Annotation of Below poverty level!!Margin of Error!!Unrelated individuals for whom poverty status is determined!!Female"
"S1701_C03_041E","Percent below poverty level!!Estimate!!Unrelated individuals for whom poverty status is determined!!Female"
"S1701_C03_041EA","Annotation of Percent below poverty level!!Estimate!!Unrelated individuals for whom poverty status is determined!!Female"
"S1701_C03_041M","Percent below poverty level!!Margin of Error!!Unrelated individuals for whom poverty status is determined!!Female"
"S1701_C03_041MA","Annotation of Percent below poverty level!!Margin of Error!!Unrelated individuals for whom poverty status is determined!!Female"
"S1701_C01_042E","Total!!Estimate!!Mean income deficit for unrelated individuals (dollars)"
"S1701_C01_042EA","Annotation of Total!!Estimate!!Mean income deficit for unrelated individuals (dollars)"
"S1701_C01_042M","Total!!Margin of Error!!Mean income deficit for unrelated individuals (dollars)"
"S1701_C01_042MA","Annotation of Total!!Margin of Error!!Mean income deficit for unrelated individuals (dollars)"
"S1701_C02_042E","Below poverty level!!Estimate!!Mean income deficit for unrelated individuals (dollars)"
"S1701_C02_042M","Below poverty level!!Margin of Error!!Mean income deficit for unrelated individuals (dollars)"
"S1701_C02_042MA","Annotation of Below poverty level!!Margin of Error!!Mean income deficit for unrelated individuals (dollars)"
"S1701_C02_042EA","Annotation of Below poverty level!!Estimate!!Mean income deficit for unrelated individuals (dollars)"
"S1701_C03_042E","Percent below poverty level!!Estimate!!Mean income deficit for unrelated individuals (dollars)"
"S1701_C03_042M","Percent below poverty level!!Margin of Error!!Mean income deficit for unrelated individuals (dollars)"
"S1701_C03_042MA","Annotation of Percent below poverty level!!Margin of Error!!Mean income deficit for unrelated individuals (dollars)"
"S1701_C03_042EA","Annotation of Percent below poverty level!!Estimate!!Mean income deficit for unrelated individuals (dollars)"
"S1701_C01_043E","Total!!Estimate!!Worked full-time, year-round in the past 12 months"
"S1701_C01_043M","Total!!Margin of Error!!Worked full-time, year-round in the past 12 months"
"S1701_C01_043MA","Annotation of Total!!Margin of Error!!Worked full-time, year-round in the past 12 months"
"S1701_C01_043EA","Annotation of Total!!Estimate!!Worked full-time, year-round in the past 12 months"
"S1701_C02_043E","Below poverty level!!Estimate!!Worked full-time, year-round in the past 12 months"
"S1701_C02_043M","Below poverty level!!Margin of Error!!Worked full-time, year-round in the past 12 months"
"S1701_C02_043MA","Annotation of Below poverty level!!Margin of Error!!Worked full-time, year-round in the past 12 months"
"S1701_C02_043EA","Annotation of Below poverty level!!Estimate!!Worked full-time, year-round in the past 12 months"
"S1701_C03_043E","Percent below poverty level!!Estimate!!Worked full-time, year-round in the past 12 months"
"S1701_C03_043EA","Annotation of Percent below poverty level!!Estimate!!Worked full-time, year-round in the past 12 months"
"S1701_C03_043M","Percent below poverty level!!Margin of Error!!Worked full-time, year-round in the past 12 months"
"S1701_C03_043MA","Annotation of Percent below poverty level!!Margin of Error!!Worked full-time, year-round in the past 12 months"
"S1701_C01_044E","Total!!Estimate!!Worked less than full-time, year-round in the past 12 months"
"S1701_C01_044M","Total!!Margin of Error!!Worked less than full-time, year-round in the past 12 months"
"S1701_C01_044MA","Annotation of Total!!Margin of Error!!Worked less than full-time, year-round in the past 12 months"
"S1701_C01_044EA","Annotation of Total!!Estimate!!Worked less than full-time, year-round in the past 12 months"
"S1701_C02_044E","Below poverty level!!Estimate!!Worked less than full-time, year-round in the past 12 months"
"S1701_C02_044M","Below poverty level!!Margin of Error!!Worked less than full-time, year-round in the past 12 months"
"S1701_C02_044MA","Annotation of Below poverty level!!Margin of Error!!Worked less than full-time, year-round in the past 12 months"
"S1701_C02_044EA","Annotation of Below poverty level!!Estimate!!Worked less than full-time, year-round in the past 12 months"
"S1701_C03_044E","Percent below poverty level!!Estimate!!Worked less than full-time, year-round in the past 12 months"
"S1701_C03_044M","Percent below poverty level!!Margin of Error!!Worked less than full-time, year-round in the past 12 months"
"S1701_C03_044MA","Annotation of Percent below poverty level!!Margin of Error!!Worked less than full-time, year-round in the past 12 months"
"S1701_C03_044EA","Annotation of Percent below poverty level!!Estimate!!Worked less than full-time, year-round in the past 12 months"
"S1701_C01_045E","Total!!Estimate!!Did not work"
"S1701_C01_045M","Total!!Margin of Error!!Did not work"
"S1701_C01_045MA","Annotation of Total!!Margin of Error!!Did not work"
"S1701_C01_045EA","Annotation of Total!!Estimate!!Did not work"
"S1701_C02_045E","Below poverty level!!Estimate!!Did not work"
"S1701_C02_045M","Below poverty level!!Margin of Error!!Did not work"
"S1701_C02_045MA","Annotation of Below poverty level!!Margin of Error!!Did not work"
"S1701_C02_045EA","Annotation of Below poverty level!!Estimate!!Did not work"
"S1701_C03_045E","Percent below poverty level!!Estimate!!Did not work"
"S1701_C03_045EA","Annotation of Percent below poverty level!!Estimate!!Did not work"
"S1701_C03_045M","Percent below poverty level!!Margin of Error!!Did not work"
"S1701_C03_045MA","Annotation of Percent below poverty level!!Margin of Error!!Did not work"
"S1701_C01_046E","Total!!Estimate!!PERCENT IMPUTED!!Poverty status for individuals"
"S1701_C01_046M","Total!!Margin of Error!!PERCENT IMPUTED!!Poverty status for individuals"
"S1701_C01_046MA","Annotation of Total!!Margin of Error!!PERCENT IMPUTED!!Poverty status for individuals"
"S1701_C01_046EA","Annotation of Total!!Estimate!!PERCENT IMPUTED!!Poverty status for individuals"
"S1701_C02_046E","Below poverty level!!Estimate!!PERCENT IMPUTED!!Poverty status for individuals"
"S1701_C02_046M","Below poverty level!!Margin of Error!!PERCENT IMPUTED!!Poverty status for individuals"
"S1701_C02_046MA","Annotation of Below poverty level!!Margin of Error!!PERCENT IMPUTED!!Poverty status for individuals"
"S1701_C02_046EA","Annotation of Below poverty level!!Estimate!!PERCENT IMPUTED!!Poverty status for individuals"
"S1701_C03_046E","Percent below poverty level!!Estimate!!PERCENT IMPUTED!!Poverty status for individuals"
"S1701_C03_046M","Percent below poverty level!!Margin of Error!!PERCENT IMPUTED!!Poverty status for individuals"
"S1701_C03_046MA","Annotation of Percent below poverty level!!Margin of Error!!PERCENT IMPUTED!!Poverty status for individuals"
"S1701_C03_046EA","Annotation of Percent below poverty level!!Estimate!!PERCENT IMPUTED!!Poverty status for individuals"
